"","A[C>A]A","A[C>A]C","A[C>A]G","A[C>A]T","A[C>G]A","A[C>G]C","A[C>G]G","A[C>G]T","A[C>T]A","A[C>T]C","A[C>T]G","A[C>T]T","A[T>A]A","A[T>A]C","A[T>A]G","A[T>A]T","A[T>C]A","A[T>C]C","A[T>C]G","A[T>C]T","A[T>G]A","A[T>G]C","A[T>G]G","A[T>G]T","C[C>A]A","C[C>A]C","C[C>A]G","C[C>A]T","C[C>G]A","C[C>G]C","C[C>G]G","C[C>G]T","C[C>T]A","C[C>T]C","C[C>T]G","C[C>T]T","C[T>A]A","C[T>A]C","C[T>A]G","C[T>A]T","C[T>C]A","C[T>C]C","C[T>C]G","C[T>C]T","C[T>G]A","C[T>G]C","C[T>G]G","C[T>G]T","G[C>A]A","G[C>A]C","G[C>A]G","G[C>A]T","G[C>G]A","G[C>G]C","G[C>G]G","G[C>G]T","G[C>T]A","G[C>T]C","G[C>T]G","G[C>T]T","G[T>A]A","G[T>A]C","G[T>A]G","G[T>A]T","G[T>C]A","G[T>C]C","G[T>C]G","G[T>C]T","G[T>G]A","G[T>G]C","G[T>G]G","G[T>G]T","T[C>A]A","T[C>A]C","T[C>A]G","T[C>A]T","T[C>G]A","T[C>G]C","T[C>G]G","T[C>G]T","T[C>T]A","T[C>T]C","T[C>T]G","T[C>T]T","T[T>A]A","T[T>A]C","T[T>A]G","T[T>A]T","T[T>C]A","T[T>C]C","T[T>C]G","T[T>C]T","T[T>G]A","T[T>G]C","T[T>G]G","T[T>G]T"
"TUMOR_1",0,1,1,0,0,1,0,0,1,1,2,0,0,0,0,0,0,0,0,0,0,0,0,0,2,1,0,0,0,0,0,1,0,0,4,0,0,1,0,0,0,0,0,1,0,1,0,0,0,1,0,0,0,0,0,0,0,2,0,1,0,1,0,0,0,0,0,0,0,0,0,0,0,2,0,0,0,0,0,0,0,1,0,3,0,0,1,0,1,0,0,0,0,0,0,0
"TUMOR_10",1,1,0,0,0,0,0,0,0,0,1,1,0,0,0,0,0,0,0,0,0,0,0,0,0,2,0,0,0,0,0,1,2,0,0,0,0,0,0,0,0,0,1,0,0,0,0,0,1,0,0,1,1,0,0,2,0,3,1,0,0,0,0,0,1,0,0,1,0,0,0,0,0,3,0,0,0,0,0,0,0,0,0,1,0,0,0,0,0,0,0,0,0,0,1,0
"TUMOR_10_dbgap",0,1,0,0,0,0,0,0,0,0,0,0,0,0,0,0,0,0,0,0,0,0,0,0,1,0,0,1,0,0,0,0,0,0,0,0,0,0,1,1,0,0,0,0,0,0,0,0,0,1,1,3,0,0,0,0,0,2,1,0,1,0,1,1,0,0,1,0,0,0,1,0,0,0,0,0,0,0,0,1,0,0,0,0,0,2,0,0,0,0,0,0,0,0,0,1
"TUMOR_11",0,0,0,0,0,0,0,0,1,0,2,0,0,0,0,0,0,0,1,0,0,0,0,0,3,0,0,0,0,0,0,0,1,0,3,0,0,0,0,0,0,1,0,0,0,1,0,0,0,0,0,0,0,0,0,1,0,0,0,1,0,0,0,0,0,0,0,0,0,0,0,0,0,2,0,0,1,0,0,0,1,1,0,0,0,1,0,0,0,1,0,0,0,0,0,0
"TUMOR_11_dbgap",0,0,0,0,0,0,0,0,1,1,4,1,0,1,0,0,0,0,1,0,0,0,0,0,0,5,2,8,1,1,0,0,0,1,8,0,0,0,0,0,0,0,2,0,0,0,0,0,1,1,0,0,0,2,0,0,5,10,12,1,0,1,0,0,1,0,1,0,0,0,0,0,0,1,0,0,0,0,0,1,0,0,3,1,0,0,0,0,0,0,0,0,0,0,0,0
"TUMOR_13",0,0,1,0,0,0,0,0,0,1,3,0,0,0,1,1,1,0,2,0,0,0,0,0,1,1,0,0,0,2,1,1,2,0,0,0,0,0,1,0,0,2,1,0,0,1,1,1,4,3,1,1,1,0,0,1,0,2,4,1,0,0,0,0,0,3,0,0,0,0,0,0,0,1,0,1,3,1,0,0,0,1,0,2,0,0,0,0,2,0,1,0,0,1,0,0
"TUMOR_14",1,0,0,1,1,1,0,0,0,0,2,2,0,1,0,0,3,1,1,2,0,0,0,1,1,0,1,2,1,0,0,1,2,1,1,2,0,0,2,1,2,4,5,1,0,0,0,0,2,2,2,0,1,1,0,3,2,0,5,1,0,0,0,0,4,6,2,3,0,0,0,0,2,1,0,0,1,0,0,1,1,1,0,0,0,0,0,0,1,3,1,0,0,0,0,0
"TUMOR_14_dbgap",0,0,0,1,0,1,0,0,0,0,10,2,0,0,0,0,0,2,0,0,0,0,0,1,1,2,1,1,1,0,0,0,0,0,0,2,0,1,0,0,0,0,2,2,0,0,0,3,1,1,0,2,0,0,0,0,0,0,8,2,0,0,0,0,1,0,0,0,0,0,0,0,0,1,0,1,1,0,0,1,2,1,2,0,0,0,0,0,0,0,0,0,0,0,0,0
"TUMOR_15",1,1,1,0,0,0,0,1,0,0,3,1,0,0,0,0,0,0,0,1,0,0,0,0,1,1,0,0,0,0,0,1,5,1,3,0,0,0,0,0,0,0,0,0,0,0,0,0,0,1,0,0,0,1,0,2,1,2,1,0,0,0,0,0,1,0,0,1,0,0,1,0,1,0,0,0,0,0,0,0,1,0,1,0,0,0,0,0,1,0,0,0,0,0,0,0
"TUMOR_15_dbgap",2,0,1,0,0,0,0,0,0,0,1,0,0,0,0,0,0,0,0,0,0,0,0,0,1,0,0,0,0,0,0,0,0,0,1,1,0,0,2,0,0,0,0,0,0,0,0,0,0,0,0,1,0,0,0,2,1,2,5,0,0,0,0,0,0,0,0,0,0,0,0,1,0,2,0,1,1,0,0,0,1,0,0,1,1,0,0,2,0,0,0,0,0,0,0,0
"TUMOR_16",1,0,0,0,0,0,0,0,0,0,2,0,0,0,0,0,0,0,1,0,0,0,0,0,0,1,0,0,0,0,0,0,1,0,2,2,0,0,0,0,0,0,0,0,0,0,0,0,0,0,0,0,0,0,0,0,0,3,4,0,0,0,0,0,0,0,0,0,0,0,0,0,0,0,0,1,0,0,0,0,0,0,0,0,0,0,0,0,1,0,0,0,0,0,0,0
"TUMOR_16_dbgap",2,1,0,3,1,0,0,0,12,7,101,4,0,1,0,2,1,2,10,1,0,0,0,0,1,11,4,21,0,0,0,0,4,7,94,5,0,2,2,1,2,4,15,1,0,2,3,3,2,2,1,4,0,2,0,0,26,31,151,23,0,1,0,1,10,12,10,8,0,0,0,1,0,3,0,4,0,0,0,0,3,4,52,2,0,0,0,0,3,2,5,3,0,0,0,2
"TUMOR_18_dbgap",2,0,0,2,0,0,0,0,1,1,4,0,0,0,1,1,1,0,1,0,0,0,0,0,1,1,1,2,0,0,0,0,1,1,2,1,0,0,0,0,0,2,0,0,0,0,0,0,1,2,1,0,0,0,0,0,1,0,4,0,0,0,0,0,1,2,0,0,0,0,0,0,1,2,0,0,0,1,0,1,3,1,0,0,0,0,0,0,0,0,0,1,0,0,0,0
"TUMOR_19_dbgap",1,0,0,0,0,2,0,0,0,0,0,0,0,0,0,0,0,0,0,1,0,0,0,0,1,0,0,1,0,0,0,2,2,2,2,0,0,0,0,0,0,0,2,1,0,1,1,1,1,2,1,0,0,0,1,2,0,1,1,0,2,0,1,1,1,0,0,1,1,0,1,0,0,0,1,2,0,2,0,2,1,0,0,2,0,2,0,0,0,0,1,0,1,0,0,0
"TUMOR_2",0,0,0,0,0,0,0,0,0,0,9,2,0,0,0,0,0,0,0,0,0,0,0,0,2,0,1,0,0,0,0,0,0,3,0,0,0,1,0,0,0,1,0,1,0,0,0,0,0,1,1,2,0,0,0,0,0,0,0,0,0,0,0,0,0,2,0,1,0,0,1,0,0,1,0,1,0,0,0,0,0,1,1,0,0,0,0,0,1,0,0,0,0,0,0,0
"TUMOR_20_dbgap",1,0,0,0,0,0,0,0,0,0,2,0,0,0,0,0,0,0,0,0,1,0,0,0,1,2,1,0,0,1,0,0,0,1,3,0,0,1,0,0,0,0,0,0,0,0,0,0,2,1,2,1,1,0,0,0,1,2,2,1,0,1,0,0,0,0,0,0,0,0,0,0,0,1,0,0,1,1,0,0,0,0,0,1,0,0,1,0,0,0,0,0,0,0,0,0
"TUMOR_21_dbgap",0,1,0,1,0,0,1,2,2,1,29,0,0,0,0,0,1,3,1,2,1,0,0,1,1,5,3,5,0,1,0,0,1,0,23,2,1,1,0,1,2,2,8,1,1,1,1,0,2,2,1,3,0,2,0,0,9,9,34,8,1,0,1,0,1,2,6,1,0,0,1,0,1,0,0,1,0,0,0,1,1,0,16,0,0,0,1,0,1,1,2,2,0,0,0,0
"TUMOR_22_dbgap",0,1,0,0,0,0,0,0,1,0,3,0,1,0,0,0,0,0,1,1,0,0,0,0,0,2,0,0,0,0,0,0,3,1,2,1,0,0,0,0,0,2,2,0,0,0,0,0,0,0,0,0,0,0,0,0,0,1,2,2,1,0,0,0,0,1,0,1,0,0,0,0,0,0,0,0,0,0,0,0,1,0,1,0,0,0,1,0,1,0,1,0,0,0,0,0
"TUMOR_24_dbgap",0,0,0,0,0,0,0,2,0,0,2,0,0,0,0,0,0,1,0,1,0,0,0,0,0,0,0,1,0,1,0,0,0,0,2,0,0,0,1,1,0,0,1,0,0,0,0,0,0,1,0,1,0,0,0,0,1,0,0,1,0,0,0,0,1,0,1,0,0,0,0,0,0,1,0,0,0,0,0,0,3,1,0,0,0,0,0,0,0,0,0,0,0,0,0,0
"TUMOR_25_dbgap",2,2,1,0,0,0,0,0,2,1,5,0,1,0,0,0,0,1,2,0,0,0,0,1,0,1,0,1,1,0,0,0,1,1,7,4,0,1,0,0,0,0,1,1,1,0,2,1,0,1,0,1,0,1,0,0,2,2,5,0,0,0,0,0,1,0,0,0,0,0,0,0,1,3,1,4,6,1,0,4,6,5,4,2,1,0,0,0,0,0,0,0,0,0,0,0
"TUMOR_26_dbgap",0,0,0,0,0,0,0,0,0,1,0,0,0,0,0,0,0,0,0,0,0,0,0,0,1,0,1,0,0,0,0,0,1,1,3,1,0,0,0,0,0,0,0,0,1,0,0,0,0,1,1,1,0,0,0,0,0,0,1,0,0,0,0,0,1,0,0,0,0,0,0,0,1,1,0,0,0,1,0,0,0,0,1,1,0,0,0,0,0,0,0,0,0,0,1,0
"TUMOR_27_dbgap",1,0,0,1,0,0,0,0,0,0,4,0,0,0,0,0,0,0,0,0,0,0,0,0,2,1,0,0,1,1,0,0,1,0,2,0,0,0,0,0,0,0,0,0,0,0,1,0,0,1,0,1,0,0,0,0,0,0,5,0,0,0,0,0,0,0,0,0,0,0,1,0,0,0,0,0,1,0,0,1,1,1,2,1,0,1,0,0,0,0,0,0,0,0,0,0
"TUMOR_28_dbgap",0,0,0,0,0,0,0,0,0,0,8,0,0,0,0,0,0,0,0,0,0,0,1,1,0,0,0,0,0,0,0,0,0,0,4,0,0,1,0,0,0,0,1,0,0,0,0,1,0,0,0,0,0,0,0,0,0,0,4,1,0,0,0,0,0,1,0,0,0,0,0,0,0,0,0,0,0,0,0,0,1,0,3,0,0,0,0,0,0,0,0,0,0,0,0,0
"TUMOR_29_dbgap",0,0,0,1,0,0,0,0,1,0,3,0,0,0,0,0,0,0,0,0,0,0,0,0,4,9,3,1,0,0,0,0,2,1,3,0,2,1,0,0,0,0,0,1,0,0,1,0,1,2,2,0,0,0,0,0,1,0,2,0,0,1,0,0,0,0,0,0,0,0,0,0,1,2,1,0,0,0,0,0,0,0,0,0,0,0,0,0,0,1,0,0,0,0,0,1
"TUMOR_3",0,0,0,0,0,0,0,2,2,1,4,0,0,0,1,0,0,0,2,0,0,0,1,0,0,0,2,0,0,0,0,1,3,1,3,1,0,0,0,0,0,0,0,0,0,0,0,0,1,0,2,1,1,0,0,2,0,0,5,0,0,0,0,0,1,0,1,0,0,0,0,1,0,1,0,0,0,1,0,1,3,0,7,0,1,0,0,0,0,0,1,1,0,0,0,0
"TUMOR_30_dbgap",0,0,0,0,1,1,0,0,0,0,7,3,0,1,0,1,0,1,3,0,0,1,0,3,3,1,0,5,1,0,0,0,3,1,7,1,0,4,1,2,0,7,4,14,1,6,4,42,1,1,0,3,0,0,0,0,3,1,11,1,0,4,0,2,2,1,1,2,0,1,0,11,0,2,0,3,1,0,0,1,1,3,7,2,0,0,0,1,0,0,0,0,1,1,0,6
"TUMOR_31_dbgap",0,0,0,0,0,0,0,0,0,1,0,0,0,0,0,0,1,0,0,0,0,0,0,0,2,3,3,1,0,0,0,0,0,0,2,0,0,0,0,0,0,0,0,0,0,0,0,0,0,0,1,0,0,0,0,0,2,0,3,0,0,0,0,0,0,0,0,0,0,0,0,0,0,4,0,1,0,0,0,0,2,1,1,0,0,0,0,0,0,0,0,0,0,0,0,0
"TUMOR_32_dbgap",0,0,0,0,0,0,0,0,0,1,1,0,0,0,0,0,0,0,0,0,0,0,0,0,3,7,5,5,0,0,0,0,0,0,1,0,0,0,2,0,0,0,0,1,0,0,0,1,1,4,0,2,0,0,0,0,0,0,3,0,0,0,1,0,0,0,0,0,0,0,0,0,1,1,0,1,0,0,0,0,0,0,0,0,0,0,1,0,0,0,0,0,0,0,0,0
"TUMOR_33_dbgap",0,0,1,1,0,1,1,0,0,1,2,1,0,1,0,0,2,1,0,0,0,0,0,0,2,2,0,0,3,1,0,1,1,0,1,1,0,0,0,0,0,0,1,1,0,0,1,0,2,0,0,1,2,0,0,1,2,1,1,1,0,1,0,0,0,0,0,1,0,0,2,1,0,2,0,2,2,3,0,1,2,1,3,2,0,1,0,0,0,1,0,0,0,0,0,1
"TUMOR_36_dbgap",1,1,0,1,0,0,0,2,1,2,2,5,0,0,0,1,0,0,0,1,0,1,0,0,1,0,3,0,2,0,0,2,2,1,0,1,0,0,0,3,0,0,1,0,1,1,0,1,3,2,1,2,0,2,0,0,2,2,1,1,0,0,1,1,0,0,0,0,0,0,0,0,1,2,0,0,0,0,0,2,4,5,3,1,0,1,0,0,0,0,0,0,0,0,0,1
"TUMOR_37_dbgap",1,2,0,1,0,0,0,0,1,0,4,0,0,1,0,0,0,0,0,0,0,0,2,0,4,10,0,6,0,0,1,1,0,1,0,2,0,0,0,0,0,1,0,0,0,1,0,0,3,5,3,0,0,0,0,1,0,0,0,0,0,0,0,0,1,1,0,0,4,1,10,1,3,6,2,1,1,0,0,2,3,2,0,0,0,0,0,0,0,0,0,0,0,0,0,1
"TUMOR_38_dbgap",1,0,0,0,0,0,0,2,1,0,12,2,2,1,0,3,8,8,12,6,0,1,1,0,1,0,3,1,0,0,0,0,7,3,12,1,1,0,0,1,4,6,17,9,0,2,2,3,0,2,0,5,0,1,1,0,5,12,39,2,0,1,0,1,12,9,17,9,0,1,1,0,1,1,0,2,0,0,0,3,1,5,2,2,1,2,0,0,3,3,5,2,0,0,1,1
"TUMOR_39_dbgap",2,0,0,0,0,0,0,1,3,0,1,1,0,1,0,1,0,0,1,1,1,0,0,0,2,2,0,3,0,0,0,1,1,0,4,4,1,0,1,0,0,1,0,0,0,0,0,4,2,1,0,1,0,0,0,0,2,5,3,1,0,0,0,0,0,0,0,0,0,0,0,1,1,3,0,1,0,0,0,0,8,3,2,0,0,0,0,0,0,0,1,3,1,0,0,1
"TUMOR_4",0,0,0,0,0,0,0,0,0,0,4,0,0,0,0,0,0,0,0,0,0,0,0,0,1,0,0,0,1,0,1,0,0,0,1,0,0,0,1,0,0,0,1,1,0,0,1,0,0,0,1,1,0,0,0,0,2,0,3,1,0,0,0,0,0,1,0,0,0,0,0,0,0,2,0,0,0,0,0,3,2,1,3,0,0,0,0,0,0,0,0,0,0,0,0,0
"TUMOR_4_dbgap",1,1,1,0,1,0,0,0,0,0,2,0,0,0,0,0,0,1,0,0,0,0,0,0,0,0,1,1,0,0,0,0,1,1,2,1,0,0,0,0,0,0,0,0,0,0,0,0,1,0,0,1,0,0,0,0,0,2,3,1,0,0,0,0,0,0,0,3,0,1,0,0,2,0,0,1,0,0,0,0,1,0,3,2,0,0,0,1,0,0,0,0,0,0,0,0
"TUMOR_40_dbgap",1,0,0,0,0,0,0,0,0,3,1,1,0,0,0,0,0,1,0,1,0,0,0,0,3,3,1,1,1,0,0,1,0,0,1,0,0,0,0,0,0,0,0,0,0,0,0,0,0,0,0,2,0,0,0,0,0,0,1,0,0,0,0,0,0,0,0,0,2,0,3,0,0,1,0,2,0,0,0,1,2,2,0,0,0,0,0,0,0,0,0,0,0,0,0,0
"TUMOR_41_dbgap",0,1,0,1,0,0,0,0,1,1,1,1,0,0,0,0,0,0,0,0,0,0,0,0,1,0,0,3,0,0,0,0,1,0,2,0,0,1,0,0,0,0,0,0,0,0,0,0,3,2,0,1,0,0,0,0,3,0,1,0,2,0,1,0,0,1,0,0,0,0,0,0,0,1,1,2,0,0,0,0,4,1,0,0,0,0,0,0,0,0,0,0,0,0,0,0
"TUMOR_42_dbgap",1,0,2,0,0,0,0,0,0,0,2,0,0,0,0,0,0,0,0,1,0,0,0,0,0,1,0,0,0,0,0,0,0,1,0,0,0,0,1,0,0,0,0,0,0,0,0,0,1,1,0,0,0,0,0,0,0,0,2,0,0,0,0,0,0,1,1,0,0,0,0,0,1,0,0,1,1,0,0,0,1,0,2,0,0,0,0,0,0,0,0,0,0,0,0,0
"TUMOR_43_dbgap",1,3,0,1,0,0,0,0,1,0,2,0,0,0,0,1,0,0,0,1,0,0,0,0,1,3,0,6,0,0,0,0,1,0,2,0,0,1,0,0,0,0,0,0,0,0,1,0,1,0,1,3,0,0,0,0,1,0,2,0,1,0,0,0,0,0,0,0,1,0,0,0,1,1,1,1,1,0,0,0,1,0,2,1,0,0,0,0,0,0,0,0,0,0,0,0
"TUMOR_44_dbgap",2,0,0,1,0,0,0,0,7,1,3,0,1,1,0,0,0,0,1,0,0,0,0,0,7,6,1,10,0,1,0,0,2,0,2,0,1,5,2,0,0,0,1,0,0,0,1,0,5,7,2,9,1,0,0,0,3,0,3,0,9,0,2,0,0,1,2,2,0,0,0,0,1,0,0,2,1,1,0,2,5,8,1,2,1,0,0,0,0,0,2,0,0,0,1,0
"TUMOR_45_dbgap",1,0,1,0,0,0,1,0,0,0,0,0,0,0,0,0,0,0,0,0,0,0,0,0,5,0,1,1,0,0,0,0,0,1,0,0,1,0,0,0,0,0,0,0,0,1,0,0,1,0,1,0,0,0,1,0,0,1,0,1,0,0,0,0,0,0,1,0,0,0,0,0,0,1,0,0,0,0,0,1,2,1,0,0,0,0,0,0,0,0,0,0,0,0,0,0
"TUMOR_47_dbgap",1,0,0,0,0,0,0,0,3,0,1,0,0,0,0,0,1,0,0,0,0,0,0,0,0,2,1,3,0,0,0,0,0,0,1,0,0,0,0,0,0,0,0,0,0,0,0,0,1,1,0,3,0,0,0,0,2,0,3,1,0,0,0,0,0,0,0,0,0,0,1,0,0,4,0,0,0,0,0,0,1,0,0,0,0,0,0,0,0,0,0,0,0,0,0,0
"TUMOR_48_dbgap",0,1,0,0,0,0,0,1,1,1,1,0,0,0,0,0,0,0,0,0,0,0,0,1,2,3,0,4,0,0,1,0,0,0,1,0,1,0,0,0,0,0,0,0,0,0,0,0,0,1,0,2,0,0,0,1,0,0,0,0,0,0,1,0,0,0,0,0,0,0,0,0,2,0,0,1,0,0,0,0,0,0,5,1,0,0,0,0,0,0,0,0,0,0,0,0
"TUMOR_49_dbgap",0,0,1,0,0,0,0,1,0,1,0,0,0,0,0,0,0,0,0,0,0,0,0,0,1,1,1,0,0,0,0,0,2,0,1,0,0,0,0,1,0,1,0,1,0,1,0,5,0,1,0,0,0,0,0,0,0,0,1,1,0,0,0,0,0,0,0,0,0,0,0,0,0,0,0,1,0,0,0,1,1,0,2,0,0,0,0,0,0,0,0,0,0,0,0,1
"TUMOR_5",0,2,0,0,0,0,0,1,1,1,2,0,0,0,1,0,0,0,0,0,0,0,0,0,0,0,0,0,0,0,0,0,0,1,3,1,0,0,0,0,0,0,2,0,0,0,0,0,1,0,0,0,0,0,0,1,0,1,1,2,0,0,0,0,0,0,0,1,0,0,0,0,0,1,0,0,0,0,0,0,0,0,0,0,0,0,0,0,1,0,0,0,0,0,0,0
"TUMOR_5_dbgap",2,2,0,0,1,0,0,0,0,0,1,0,0,0,0,0,1,0,0,0,0,0,0,0,0,2,1,3,0,0,0,0,0,1,0,0,0,2,0,1,1,1,0,0,0,0,0,0,0,0,0,1,0,0,0,0,1,0,0,3,0,0,0,0,0,0,1,1,1,0,0,0,1,0,0,0,0,0,0,0,1,0,1,0,0,0,0,0,0,0,0,0,0,0,0,0
"TUMOR_51_dbgap",0,0,0,0,0,0,0,0,1,0,1,0,0,0,0,0,0,1,0,0,0,0,0,0,0,0,0,0,0,0,0,0,1,1,3,0,0,0,0,0,1,0,0,0,0,0,0,0,0,0,0,0,0,0,0,0,0,0,4,1,0,0,0,0,0,0,0,0,0,0,1,0,0,0,0,0,0,0,0,0,1,1,3,0,1,0,0,0,0,0,0,0,0,0,0,0
"TUMOR_52_dbgap",0,0,0,0,0,0,0,0,0,0,1,1,0,0,0,0,0,0,0,1,0,0,0,0,0,1,0,0,0,0,0,0,0,0,2,0,0,0,0,0,0,0,0,0,0,0,0,0,0,2,0,0,0,0,0,0,0,1,6,0,0,0,0,0,0,0,0,0,0,0,0,0,1,0,1,0,0,0,0,0,4,0,4,0,0,0,0,0,0,0,0,0,0,0,0,0
"TUMOR_53_dbgap",0,0,0,0,0,0,1,0,0,0,1,0,0,0,0,0,0,0,0,1,0,0,0,0,1,1,0,0,0,0,0,1,0,1,1,0,0,0,0,0,0,1,0,0,0,0,1,1,0,0,0,0,0,0,0,0,0,0,4,0,0,0,0,0,0,0,1,0,1,0,0,0,1,0,0,1,0,0,1,0,0,1,1,0,0,0,1,0,0,0,0,0,0,0,0,0
"TUMOR_58_dbgap",2,1,2,0,0,1,0,1,1,5,4,3,0,0,3,1,1,1,2,4,1,0,1,0,1,2,1,1,1,1,0,0,2,1,4,1,0,1,1,0,0,1,5,2,0,0,0,1,1,3,2,2,0,2,0,1,0,3,3,3,0,0,0,0,2,0,3,1,0,0,0,2,2,1,1,2,0,2,0,1,0,4,2,3,0,0,0,0,3,2,1,2,0,0,0,0
"TUMOR_59_dbgap",1,1,1,2,0,0,0,0,3,5,2,1,0,0,1,0,2,2,2,0,1,0,0,0,1,2,0,0,0,1,0,1,4,1,3,2,0,0,2,1,0,4,4,3,0,0,1,0,1,0,0,0,0,0,0,1,3,0,4,4,0,0,0,0,0,1,1,0,0,2,0,2,0,0,1,1,1,3,0,1,3,1,2,2,1,1,0,0,1,1,1,0,0,0,1,0
"TUMOR_6",0,1,0,0,0,0,0,0,0,0,1,0,0,0,0,0,0,0,1,0,0,0,0,0,1,0,0,1,2,0,0,2,2,0,1,0,0,0,1,0,0,0,0,0,0,1,0,0,1,1,0,0,1,0,0,0,0,1,0,2,0,0,2,0,2,0,1,1,0,0,0,0,0,1,0,0,0,0,0,0,2,1,1,1,0,0,0,0,1,0,2,0,0,0,0,0
"TUMOR_60_dbgap",0,1,0,1,1,0,1,0,11,8,50,3,1,0,1,3,3,6,12,1,1,0,0,0,2,8,6,23,0,0,1,1,6,6,53,2,0,1,0,1,4,4,16,1,0,2,5,6,6,2,2,7,2,3,0,0,8,22,72,10,0,3,0,0,7,5,6,4,0,1,0,0,1,1,1,3,0,0,0,1,3,6,25,1,0,0,0,1,4,1,3,2,0,0,0,1
"TUMOR_61_dbgap",4,0,0,0,0,0,0,0,0,0,1,0,0,0,0,0,0,0,0,0,0,0,0,0,0,1,2,2,0,0,1,1,0,1,2,1,0,0,0,0,0,0,2,0,0,0,2,0,2,6,0,3,0,0,0,0,1,0,3,0,0,0,0,0,0,0,0,0,0,0,0,0,0,3,0,1,0,0,0,0,0,0,0,0,0,0,0,0,0,0,0,0,0,0,0,0
"TUMOR_62_dbgap",1,0,0,0,0,0,0,0,0,1,4,1,0,0,0,0,0,0,0,0,0,0,0,0,1,0,1,1,0,0,0,0,1,1,3,1,0,0,0,0,0,0,0,0,0,0,0,0,1,4,1,0,0,0,0,0,0,1,5,1,0,0,0,0,0,1,0,0,0,0,0,0,0,1,0,1,0,0,0,0,0,0,1,0,0,1,0,0,0,0,1,0,0,0,0,0
"TUMOR_63_dbgap",0,0,0,0,1,0,0,0,0,1,2,0,0,0,0,1,0,0,0,2,0,0,0,0,0,1,0,1,0,0,0,0,0,1,2,0,0,0,0,0,0,0,1,0,0,0,1,0,0,2,0,0,0,1,0,0,0,0,1,0,0,0,0,0,0,0,0,0,0,0,1,0,0,0,0,2,1,1,0,0,0,1,2,0,0,0,0,0,0,0,0,0,0,0,0,0
"TUMOR_64_dbgap",0,1,0,0,0,0,0,0,0,0,2,0,0,0,0,0,0,0,1,0,0,1,0,0,0,0,0,0,0,0,0,0,1,0,1,0,0,1,1,0,0,1,2,2,0,1,1,8,0,1,0,1,1,0,0,0,0,1,2,0,0,0,0,1,0,0,0,0,0,0,0,1,2,1,0,0,0,1,0,0,0,1,0,1,0,1,0,2,0,5,0,0,0,0,0,2
"TUMOR_65_dbgap",0,0,0,0,0,1,1,0,3,0,5,0,0,0,0,1,0,0,0,1,0,0,0,0,0,1,0,0,0,1,0,0,1,1,2,0,1,0,0,0,0,0,0,0,0,0,1,0,1,0,0,1,0,0,0,1,0,1,1,0,0,0,0,1,0,0,0,0,0,0,0,0,0,0,0,0,0,0,0,0,1,0,1,0,0,0,1,0,0,0,0,1,0,0,0,0
"TUMOR_67_dbgap",0,1,0,0,0,0,0,0,0,1,1,0,0,0,0,0,0,0,1,0,0,0,0,0,1,0,1,1,0,0,0,0,2,0,2,0,0,0,0,0,0,0,1,0,0,0,0,0,2,1,1,0,0,0,0,0,0,2,2,0,0,0,0,0,0,0,0,0,0,0,0,0,0,0,0,0,0,0,0,0,0,0,0,0,0,0,0,0,0,1,0,0,0,0,0,0
"TUMOR_68_dbgap",0,0,0,0,0,0,0,0,0,1,1,0,0,0,0,0,0,0,0,0,0,0,0,0,1,0,1,1,0,1,0,0,1,0,1,0,0,0,1,1,0,0,0,0,0,0,0,0,0,2,2,0,0,1,0,0,0,0,0,0,0,0,0,0,0,0,0,0,0,0,0,0,0,2,0,0,0,0,0,0,0,1,0,0,0,0,0,0,0,0,0,0,0,0,0,0
"TUMOR_69_dbgap",0,0,0,0,0,0,0,0,0,1,2,0,0,0,1,0,0,0,2,0,0,0,0,0,0,0,1,2,1,0,0,0,2,1,0,0,0,0,0,0,0,0,0,0,0,0,1,1,0,2,0,1,0,0,0,0,0,0,5,0,0,0,0,0,1,0,0,0,0,0,0,0,0,1,1,1,0,0,0,0,1,0,1,0,0,0,0,0,0,2,0,0,0,0,0,0
"TUMOR_7",3,0,1,0,1,0,1,0,0,0,2,2,0,0,0,0,2,1,0,0,0,0,0,0,2,0,1,0,0,0,1,0,1,0,2,0,0,0,0,0,0,0,0,0,0,3,0,0,1,1,1,1,0,2,1,1,0,1,1,0,0,0,0,0,0,0,0,1,0,0,2,0,0,0,0,0,1,1,0,1,1,0,2,2,0,0,0,1,0,0,0,0,0,0,0,0
"TUMOR_7_dbgap",0,0,1,2,0,0,0,0,0,0,2,0,0,1,0,0,0,0,0,0,0,0,0,0,1,1,3,0,0,0,1,0,0,0,2,1,0,0,0,1,0,0,1,0,0,0,1,1,1,0,0,0,0,0,0,0,0,1,0,2,0,0,0,0,0,0,0,0,0,0,0,0,0,0,0,1,1,0,0,0,3,0,1,0,0,0,0,0,0,0,0,0,0,0,0,0
"TUMOR_74_dbgap",1,1,0,0,0,0,0,0,1,5,112,4,0,5,0,2,2,1,1,0,0,2,0,1,3,4,4,6,0,0,1,0,3,4,112,1,0,2,0,0,1,0,1,0,0,3,1,1,0,2,3,2,0,2,0,1,12,22,121,7,0,2,0,0,4,3,6,0,0,1,0,0,1,0,2,4,0,0,0,1,1,4,73,0,0,0,0,0,0,2,2,1,0,0,2,0
"TUMOR_75_dbgap",1,0,0,0,0,1,0,0,0,2,7,2,1,0,0,0,0,1,0,0,0,0,0,1,1,1,0,1,1,0,0,1,0,1,6,3,0,1,0,0,0,0,0,1,0,0,0,3,0,0,1,0,0,0,1,0,1,2,9,1,0,0,0,0,0,2,0,0,0,0,0,0,1,1,0,0,4,1,0,5,2,2,3,1,0,2,0,0,0,0,0,0,0,0,0,2
"TUMOR_76_dbgap",1,2,0,0,1,0,0,0,0,0,4,0,0,0,0,0,0,0,0,1,0,0,0,0,0,0,1,1,0,0,0,0,0,1,0,0,0,0,0,0,0,0,0,0,1,0,0,0,0,0,0,1,0,0,0,0,1,0,1,0,0,0,0,0,0,0,0,0,0,0,0,0,1,0,0,0,0,0,0,1,0,0,0,1,0,0,0,0,0,0,0,0,0,0,0,0
"TUMOR_8",0,0,0,0,0,0,0,0,0,0,4,0,0,0,0,0,0,0,0,0,0,0,0,0,1,0,1,1,0,0,0,1,2,0,2,1,0,0,1,1,0,0,1,1,0,0,0,0,0,0,0,0,0,0,0,0,0,1,1,0,0,0,0,0,0,0,0,0,0,0,1,0,1,0,1,0,0,0,0,0,0,0,0,0,0,0,0,0,0,0,0,0,0,0,0,1
"TUMOR_8_dbgap",0,0,0,0,0,0,0,0,2,1,13,0,1,1,0,0,0,0,0,0,0,0,0,0,0,0,3,0,1,0,0,0,3,0,9,1,0,1,0,0,0,0,0,0,0,1,0,0,1,2,3,0,0,0,0,0,2,3,3,1,0,0,0,0,0,0,1,1,0,1,0,0,1,1,0,0,3,0,0,2,6,5,4,2,0,0,0,0,0,2,0,0,0,0,0,0
"TUMOR_80_dbgap",0,0,1,0,0,0,0,0,0,0,0,1,0,0,0,0,0,0,0,0,0,0,0,0,0,0,0,0,0,0,0,1,1,1,2,1,0,0,0,0,0,1,0,0,0,0,0,0,0,0,0,1,0,0,0,0,1,1,1,0,0,0,1,0,0,0,0,0,0,0,0,0,0,0,0,0,1,1,0,1,0,0,1,1,0,1,0,0,0,1,0,0,0,0,1,0
"TUMOR_9",1,0,0,0,0,0,0,1,0,1,3,0,0,0,0,0,0,1,0,0,0,0,0,0,1,0,0,0,1,0,0,0,0,0,3,0,0,0,1,0,0,0,2,0,0,1,0,0,1,0,0,1,0,0,1,1,0,1,2,0,0,0,1,0,1,1,0,0,0,0,0,1,1,0,0,0,3,0,0,0,2,0,2,1,0,1,0,1,3,0,0,0,0,0,0,0
"TUMOR_9_dbgap",1,2,1,1,0,2,0,0,0,0,0,0,0,0,0,0,2,2,1,0,0,1,0,0,1,0,0,1,1,0,0,2,1,1,0,2,0,1,2,0,0,0,1,0,0,0,2,1,1,2,0,1,0,0,0,0,2,2,2,2,0,0,0,0,0,0,0,0,2,0,1,1,2,4,0,2,0,3,0,2,2,3,2,0,1,1,0,0,1,0,0,0,0,0,0,0
